frame_id,left_detected,right_detected,left_conf,right_conf,lat_offset_m
0,1,0,0.832,0.000,0.000
1,1,0,0.926,0.000,0.000
2,1,0,0.927,0.000,0.000
3,1,1,0.926,0.832,0.340
4,1,1,0.929,0.929,0.340
5,1,1,0.929,0.901,0.336
6,1,0,0.929,0.206,0.333
7,1,0,0.927,0.184,0.692
8,1,0,0.929,0.166,0.693
9,1,0,0.931,0.149,0.694
10,1,0,0.931,0.134,0.694
11,1,0,0.926,0.226,0.596
12,1,1,0.926,0.763,0.584
13,1,1,0.926,0.832,0.567
14,1,1,0.928,0.832,0.547
15,1,1,0.930,0.764,0.527
16,1,1,0.929,0.832,0.509
17,1,0,0.929,0.217,0.493
18,1,0,0.926,0.195,0.493
19,1,0,0.922,0.176,0.491
20,1,0,0.920,0.158,0.491
21,1,0,0.920,0.142,0.490
22,1,0,0.919,0.128,0.489
23,1,0,0.920,0.392,0.379
24,1,1,0.919,0.832,0.369
25,1,1,0.918,0.832,0.360
26,1,1,0.890,0.832,0.342
27,1,1,0.892,0.832,0.327
28,1,1,0.901,0.872,0.316
29,1,1,0.910,0.898,0.306
30,1,1,0.922,0.797,0.304
31,1,0,0.919,0.318,0.299
32,1,0,0.923,0.095,-0.411
33,1,0,0.920,0.086,-0.411
34,1,0,0.922,0.077,-0.411
35,1,0,0.917,0.536,-0.450
36,1,1,0.920,0.727,-0.374
37,1,1,0.915,0.875,-0.256
38,1,1,0.914,0.880,-0.152
39,1,1,0.915,0.895,-0.078
40,1,1,0.917,0.908,-0.018
41,1,1,0.920,0.855,0.034
42,1,1,0.917,0.922,0.067
43,1,0,0.921,0.248,0.086
44,1,0,0.923,0.224,0.088
45,1,0,0.923,0.201,0.091
46,1,0,0.927,0.181,0.092
47,1,0,0.927,0.394,0.117
48,1,1,0.930,0.714,0.184
49,1,1,0.931,0.894,0.201
50,1,1,0.930,0.903,0.212
51,1,1,0.931,0.903,0.221
52,1,1,0.905,0.917,0.221
53,1,1,0.929,0.912,0.228
54,1,1,0.931,0.919,0.238
55,1,1,0.929,0.926,0.247
56,1,0,0.928,0.279,0.254
57,1,0,0.927,0.251,0.255
58,1,0,0.927,0.189,-0.884
59,1,0,0.927,0.170,-0.884
60,1,0,0.904,0.153,-0.889
61,1,0,0.908,0.178,-1.122
62,1,1,0.909,0.802,-0.859
63,1,1,0.927,0.832,-0.627
64,1,1,0.929,0.832,-0.452
65,1,1,0.909,0.832,-0.335
66,1,1,0.913,0.714,-0.246
67,1,0,0.914,0.132,-0.269
68,1,0,0.919,0.119,-0.275
69,1,0,0.919,0.107,-0.281
70,1,0,0.918,0.096,-0.280
71,1,0,0.921,0.087,-0.280
72,1,0,0.916,0.347,-3.409
73,1,0,0.918,0.573,-1.907
74,1,0,0.923,0.268,-1.812
75,1,1,0.924,0.782,-1.343
76,1,1,0.930,0.832,-0.971
77,1,1,0.902,0.604,-0.786
78,1,1,0.903,0.832,-0.605
79,1,1,0.930,0.832,-0.451
80,1,1,0.929,0.749,-0.450
81,1,0,0.928,0.076,-1.411
82,1,0,0.925,0.103,-0.850
83,1,0,0.922,0.318,0.046
84,1,0,0.924,0.307,0.127
85,1,0,0.898,0.277,0.118
86,1,0,0.908,0.161,-0.525
87,1,1,0.920,0.832,-0.453
88,1,1,0.920,0.832,-0.340
89,1,1,0.921,0.832,-0.246
90,1,1,0.922,0.832,-0.184
91,1,1,0.925,0.832,-0.134
92,1,1,0.928,0.728,-0.094
93,1,0,0.930,0.439,-0.076
94,1,0,0.930,0.105,-3690.496
95,1,0,0.931,0.097,-3269.202
96,1,0,0.930,0.106,-2980.023
97,1,0,0.930,0.217,-2267.708
98,1,1,0.930,0.790,-1932.929
99,1,1,0.771,0.690,-1664.604
100,1,1,0.903,0.891,-1428.256
101,1,1,0.906,0.899,-53.657
102,1,1,0.910,0.927,-7.927
103,1,1,0.926,0.922,-3.879
104,1,1,0.925,0.901,-2.393
105,1,1,0.926,0.819,-1.656
106,1,0,0.925,0.237,-1.205
107,1,0,0.930,0.214,-1.205
108,1,0,0.910,0.192,-1.202
109,1,0,0.928,0.173,-1.202
110,1,1,0.907,0.615,-0.885
111,1,1,0.924,0.680,-0.669
112,1,1,0.908,0.900,-0.498
113,1,1,0.908,0.925,-0.374
114,1,1,0.909,0.898,-0.277
115,1,1,0.911,0.906,-0.196
116,1,0,0.913,0.420,-0.110
117,1,1,0.915,0.906,-0.055
118,1,1,0.917,0.631,-0.009
119,1,0,0.915,0.568,-0.004
120,1,0,0.916,0.511,0.001
121,1,0,0.917,0.460,0.005
122,1,0,0.916,0.414,0.010
123,1,0,0.920,0.311,-0.178
124,1,0,0.906,0.596,-0.148
125,1,1,0.921,0.922,-0.085
126,1,1,0.922,0.923,-0.039
127,1,1,0.914,0.914,0.002
128,1,1,0.917,0.927,0.045
129,1,1,0.920,0.780,0.077
130,1,0,0.917,0.435,0.105
131,1,1,0.920,0.779,0.133
132,1,0,0.921,0.447,0.151
133,1,0,0.923,0.340,0.045
134,1,0,0.925,0.267,0.031
135,1,0,0.918,0.279,0.151
136,1,1,0.919,0.832,0.162
137,1,1,0.918,0.886,0.169
138,1,1,0.918,0.847,0.191
139,1,1,0.915,0.859,0.202
140,1,1,0.916,0.853,0.213
141,1,1,0.917,0.909,0.219
142,1,1,0.921,0.873,0.226
143,1,1,0.922,0.914,0.231
144,1,1,0.925,0.613,0.235
145,1,0,0.916,0.393,0.236
146,1,0,0.926,0.354,0.234
147,1,0,0.927,0.318,0.231
148,1,1,0.909,0.758,0.009
149,1,1,0.926,0.806,0.056
150,1,1,0.916,0.887,0.095
151,1,1,0.919,0.898,0.119
152,1,1,0.921,0.896,0.140
153,1,1,0.924,0.899,0.160
154,1,1,0.929,0.859,0.174
155,1,1,0.930,0.886,0.191
156,1,0,0.931,0.376,0.200
157,1,0,0.930,0.121,0.211
158,1,0,0.928,0.109,0.210
159,1,0,0.930,0.098,0.210
160,1,0,0.930,0.088,0.210
161,1,0,0.929,0.080,0.209
162,1,0,0.926,0.072,0.207
163,1,0,0.927,0.064,0.205
164,1,0,0.930,0.171,0.215
165,1,1,0.927,0.688,0.217
166,1,1,0.930,0.832,0.219
167,1,1,0.928,0.832,0.222
168,1,1,0.925,0.832,0.227
169,1,0,0.923,0.235,0.231
170,1,0,0.920,0.212,0.229
171,1,0,0.922,0.191,0.227
172,1,0,0.923,0.172,0.225
173,1,0,0.927,0.316,0.225
174,1,0,0.901,0.450,0.127
175,1,1,0.928,0.619,0.148
176,1,1,0.925,0.832,0.155
177,1,1,0.925,0.832,0.164
178,1,1,0.899,0.832,0.166
179,1,1,0.901,0.832,0.168
180,1,1,0.930,0.832,0.176
181,1,0,0.929,0.419,0.184
182,1,0,0.931,0.338,0.592
183,1,0,0.928,0.304,0.592
184,1,0,0.924,0.274,0.592
185,1,1,0.919,0.794,0.563
186,1,1,0.917,0.878,0.536
187,1,1,0.925,0.910,0.505
188,1,1,0.912,0.911,0.479
189,1,1,0.913,0.926,0.459
190,1,1,0.914,0.891,0.442
191,1,1,0.917,0.911,0.425
192,1,1,0.917,0.884,0.407
193,1,1,0.918,0.795,0.411
194,1,1,0.919,0.716,0.415
195,1,1,0.928,0.644,0.418
196,1,0,0.904,0.580,0.413
197,1,0,0.927,0.429,0.570
198,1,1,0.894,0.852,0.550
199,1,1,0.925,0.917,0.525
200,1,1,0.925,0.916,0.503
201,1,1,0.925,0.911,0.483
202,1,1,0.928,0.926,0.462
203,1,1,0.927,0.675,0.446
204,1,1,0.929,0.895,0.427
205,1,1,0.930,0.806,0.427
206,1,1,0.927,0.725,0.427
207,1,0,0.925,0.283,0.434
208,1,0,0.930,0.274,0.423
209,1,0,0.930,0.413,0.559
210,1,0,0.929,0.372,0.560
211,1,0,0.924,0.335,0.560
212,1,0,0.927,0.301,0.561
213,1,0,0.931,0.461,0.529
214,1,1,0.930,0.685,0.505
215,1,1,0.930,0.832,0.482
216,1,1,0.929,0.832,0.459
217,1,1,0.929,0.832,0.434
218,1,1,0.930,0.749,0.432
219,1,1,0.925,0.674,0.431
220,1,0,0.925,0.267,0.422
221,1,0,0.926,0.240,0.421
222,1,0,0.926,0.216,0.421
223,1,0,0.928,0.194,0.422
224,1,0,0.926,0.336,0.380
225,1,1,0.930,0.789,0.366
226,1,1,0.928,0.832,0.348
227,1,1,0.926,0.832,0.333
228,1,1,0.926,0.832,0.318
229,1,1,0.920,0.832,0.303
230,1,0,0.921,0.139,0.291
231,1,0,0.918,0.125,0.289
232,1,0,0.919,0.113,0.287
233,1,0,0.920,0.102,0.285
234,1,0,0.889,0.091,0.276
235,1,0,0.899,0.082,0.267
236,1,0,0.926,0.398,0.076
237,1,1,0.927,0.732,0.097
238,1,1,0.928,0.832,0.096
239,1,1,0.900,0.832,0.094
240,1,1,0.931,0.832,0.098
241,1,1,0.928,0.832,0.102
242,1,1,0.929,0.742,0.106
243,1,0,0.929,0.094,0.103
244,1,0,0.930,0.085,0.102
245,1,0,0.930,0.076,0.100
246,1,0,0.929,0.400,0.026
247,1,0,0.925,0.207,-0.034
248,1,1,0.931,0.832,-0.035
249,1,1,0.930,0.832,-0.017
250,1,1,0.929,0.832,-0.006
251,1,1,0.927,0.832,0.002
252,1,1,0.930,0.832,0.016
253,1,1,0.929,0.832,0.028
254,1,1,0.930,0.813,0.039
255,1,0,0.907,0.324,0.036
256,1,0,0.652,0.331,-0.075
257,1,0,0.921,0.298,-0.074
258,1,0,0.918,0.345,-0.090
259,1,0,0.927,0.388,-0.300
260,1,1,0.918,0.843,-0.334
261,1,1,0.920,0.886,-0.257
262,1,1,0.718,0.858,-0.212
263,1,1,0.922,0.874,-0.175
264,0,1,0.551,0.879,-0.018
265,1,1,0.918,0.914,-0.009
266,1,1,0.916,0.916,0.011
267,1,0,0.917,0.467,0.022
268,1,0,0.917,0.348,0.023
269,1,0,0.920,0.328,-0.088
270,1,0,0.911,0.363,-1836.452
271,0,1,0.593,0.777,-1547.745
272,1,1,0.910,0.901,-1326.862
273,1,1,0.909,0.866,-15.024
274,1,1,0.912,0.911,-5.328
275,1,0,0.922,0.549,-2.889
276,1,1,0.924,0.881,-1.941
277,1,1,0.925,0.915,-1.377
278,1,1,0.928,0.837,-1.023
279,1,0,0.887,0.171,-0.795
280,1,0,0.931,0.154,-0.796
281,1,0,0.928,0.139,-0.797
282,1,0,0.919,0.516,-38.148
283,1,1,0.882,0.840,-6.798
284,1,1,0.901,0.925,-3.534
285,1,1,0.930,0.917,-2.307
286,1,1,0.904,0.915,-1.635
287,1,1,0.929,0.913,-1.175
288,1,1,0.929,0.911,-0.875
289,1,1,0.904,0.922,-0.657
290,1,1,0.903,0.833,-0.495
291,1,0,0.904,0.173,-0.370
292,1,0,0.908,0.156,-0.364
293,1,0,0.909,0.140,-0.359
294,1,0,0.910,0.261,0.065
295,1,1,0.923,0.839,0.073
296,1,1,0.915,0.900,0.099
297,1,1,0.918,0.877,0.114
298,1,1,0.919,0.918,0.122
299,1,1,0.919,0.891,0.125
300,1,1,0.919,0.920,0.131
301,1,1,0.921,0.921,0.144
302,1,1,0.917,0.846,0.147
303,1,0,0.919,0.517,0.146
304,1,0,0.918,0.257,-0.054
305,1,0,0.924,0.231,-0.056
306,1,0,0.922,0.498,-0.234
307,1,1,0.930,0.907,-0.313
308,1,1,0.930,0.926,-0.243
309,1,1,0.930,0.913,-0.178
310,1,1,0.928,0.910,-0.123
311,1,1,0.928,0.907,-0.084
312,1,1,0.923,0.918,-0.050
313,1,1,0.925,0.911,-0.021
314,1,0,0.925,0.131,-0.001
315,1,0,0.926,0.344,0.020
316,1,0,0.926,0.310,0.022
317,1,0,0.922,0.161,0.105
318,1,1,0.924,0.607,0.426
319,1,1,0.922,0.903,0.403
320,1,1,0.924,0.910,0.374
321,1,1,0.900,0.915,0.359
322,1,1,0.905,0.918,0.345
323,1,1,0.912,0.897,0.337
324,1,1,0.925,0.915,0.323
325,1,1,0.911,0.706,0.315
326,1,0,0.916,0.538,0.309
327,1,0,0.919,0.277,0.302
328,1,0,0.924,0.241,0.407
329,1,0,0.925,0.347,0.417
330,1,0,0.921,0.167,-2.392
331,1,1,0.920,0.648,-1.395
332,1,1,0.915,0.874,-0.918
333,1,1,0.919,0.844,-0.671
334,1,1,0.919,0.892,-0.492
335,1,1,0.912,0.671,-0.353
336,1,1,0.914,0.862,-0.263
337,1,1,0.918,0.921,-0.184
338,1,1,0.921,0.828,-0.121
339,1,0,0.926,0.211,-0.072
340,1,0,0.927,0.190,-0.074
341,1,0,0.905,0.171,-0.069
342,1,0,0.910,0.395,-0.479
343,1,1,0.916,0.820,-0.490
344,1,1,0.916,0.881,-0.410
345,1,1,0.924,0.903,-0.290
346,1,1,0.922,0.909,-0.201
347,1,1,0.927,0.862,-0.131
348,1,1,0.926,0.902,-0.069
349,1,1,0.928,0.893,-0.018
350,1,1,0.909,0.924,0.016
351,1,1,0.911,0.831,0.011
352,1,1,0.930,0.748,0.012
353,1,1,0.924,0.673,0.015
354,1,0,0.911,0.244,0.326
355,1,1,0.915,0.911,0.308
356,1,1,0.920,0.919,0.293
357,1,1,0.915,0.926,0.287
358,1,1,0.924,0.924,0.273
359,1,1,0.924,0.924,0.263
360,1,1,0.912,0.912,0.262
361,1,1,0.927,0.930,0.255
362,1,1,0.928,0.670,0.250
363,1,0,0.930,0.397,0.241
364,1,0,0.930,0.358,0.240
365,1,0,0.927,0.322,0.240
366,1,0,0.926,0.465,-0.035
367,1,1,0.924,0.917,-0.004
368,1,1,0.921,0.851,0.015
369,1,1,0.923,0.929,0.045
370,1,1,0.922,0.918,0.058
371,1,1,0.919,0.903,0.080
372,1,1,0.917,0.925,0.092
373,1,1,0.920,0.890,0.101
374,1,1,0.923,0.845,0.110
375,1,1,0.929,0.626,0.116
376,1,0,0.906,0.563,0.121
377,1,0,0.910,0.507,0.125
378,1,0,0.924,0.460,0.350
379,1,0,0.924,0.593,0.331
380,1,1,0.925,0.816,0.290
381,1,1,0.911,0.922,0.280
382,1,1,0.927,0.927,0.262
383,1,1,0.928,0.918,0.252
384,1,1,0.929,0.922,0.243
385,1,1,0.929,0.928,0.235
386,1,0,0.927,0.467,0.224
387,1,0,0.929,0.242,0.215
388,1,0,0.913,0.218,0.220
389,1,0,0.923,0.196,0.218
390,1,0,0.915,0.229,0.587
391,1,0,0.918,0.584,0.543
392,1,1,0.921,0.620,0.507
393,1,1,0.921,0.930,0.483
394,1,1,0.916,0.930,0.455
395,1,1,0.916,0.833,0.428
396,1,1,0.917,0.913,0.405
397,1,1,0.918,0.905,0.383
398,1,0,0.919,0.134,-1486.133
399,1,0,0.921,0.130,-1454.297
400,1,0,0.921,0.161,-1427.115
401,1,0,0.921,0.175,-1404.265
402,1,0,0.924,0.235,-32.945
403,1,1,0.923,0.749,-7.035
404,1,1,0.925,0.832,-3.939
405,1,1,0.923,0.749,-3.927
406,1,1,0.923,0.832,-2.470
407,1,1,0.924,0.832,-1.672
408,1,1,0.917,0.832,-1.200
409,1,1,0.921,0.844,-0.905
410,1,1,0.923,0.872,-0.680
411,1,1,0.914,0.784,-0.683
412,1,1,0.925,0.706,-0.679
413,1,1,0.923,0.635,-0.676
414,1,0,0.920,0.238,0.086
415,1,1,0.911,0.700,-0.046
416,1,1,0.916,0.863,-0.020
417,1,1,0.923,0.905,-0.001
418,1,1,0.925,0.884,0.012
419,1,1,0.923,0.876,0.033
420,1,1,0.914,0.884,0.043
421,1,1,0.920,0.889,0.052
422,1,1,0.918,0.926,0.053
423,1,0,0.919,0.209,0.052
424,1,0,0.919,0.188,0.048
425,1,0,0.917,0.169,0.045
426,1,0,0.919,0.462,0.030
427,1,1,0.641,0.842,0.004
428,0,1,0.552,0.898,-0.008
429,1,1,0.916,0.929,0.009
430,1,1,0.915,0.898,0.017
431,1,1,0.737,0.907,0.026
432,1,1,0.914,0.882,0.032
433,1,1,0.608,0.919,0.037
434,1,1,0.689,0.871,0.035
435,1,0,0.720,0.563,0.042
436,1,0,0.909,0.509,0.025
437,0,0,0.551,0.458,0.022
438,1,0,0.817,0.360,0.091
439,1,1,0.780,0.806,0.083
440,1,1,0.925,0.921,0.077
441,1,1,0.909,0.921,0.075
442,1,1,0.919,0.913,0.071
443,1,1,0.920,0.922,0.067
444,1,1,0.919,0.928,0.064
445,0,1,0.381,0.895,0.059
446,1,0,0.923,0.586,0.056
447,0,0,0.503,0.165,0.049
448,1,0,0.926,0.148,0.046
449,0,0,0.572,0.347,0.051
450,1,0,0.926,0.356,0.039
451,1,1,0.928,0.671,0.050
452,1,1,0.929,0.832,0.056
453,1,1,0.624,0.832,0.058
454,1,1,0.842,0.832,0.051
455,1,1,0.930,0.832,0.048
456,1,1,0.929,0.832,0.046
457,1,1,0.928,0.832,0.041
458,1,1,0.924,0.796,0.036
459,0,0,0.561,0.121,0.360
460,1,0,0.626,0.268,0.366
461,1,0,0.613,0.241,0.320
462,1,0,0.931,0.237,-0.390
463,1,1,0.928,0.724,-0.272
464,1,1,0.898,0.745,-0.262
465,1,1,0.777,0.832,-0.207
466,0,1,0.263,0.832,-0.145
467,1,1,0.736,0.832,-0.109
468,1,1,0.927,0.832,-0.083
469,1,1,0.904,0.855,-0.055
470,1,1,0.930,0.703,-0.039
471,1,0,0.787,0.345,-0.030
472,1,0,0.863,0.343,-0.282
473,1,0,0.881,0.328,-0.116
474,1,0,0.616,0.543,-0.087
475,1,1,0.671,0.914,-0.082
476,1,1,0.928,0.926,-0.088
477,1,1,0.926,0.920,-0.072
478,1,1,0.925,0.911,-0.055
479,1,1,0.865,0.920,-0.041
480,1,1,0.700,0.918,-0.026
481,1,1,0.923,0.707,-0.019
482,1,1,0.920,0.780,-0.013
483,0,0,0.278,0.093,-0.004
484,1,0,0.912,0.279,-0.180
485,1,0,0.876,0.114,-0.333
486,1,0,0.924,0.195,-0.446
487,1,1,0.918,0.790,-0.470
488,1,1,0.899,0.832,-0.400
489,1,1,0.906,0.832,-0.314
490,1,1,0.908,0.832,-0.248
491,1,1,0.892,0.835,-0.192
492,1,1,0.921,0.832,-0.152
493,1,1,0.917,0.881,-0.112
494,1,1,0.884,0.615,-0.099
495,1,0,0.819,0.554,-0.099
496,1,0,0.915,0.498,-0.091
497,1,0,0.921,0.449,-0.096
498,1,0,0.696,0.279,-3.363
499,1,1,0.918,0.624,-2.281
500,1,1,0.918,0.863,-1.568
501,1,1,0.912,0.874,-1.196
502,1,1,0.918,0.878,-0.907
503,1,1,0.917,0.709,-0.690
504,1,1,0.919,0.882,-0.543
505,1,1,0.917,0.914,-0.423
506,1,1,0.874,0.778,-0.336
507,1,1,0.915,0.700,-0.340
508,1,0,0.924,0.153,-1.784
509,1,0,0.776,0.132,-1.303
510,1,0,0.767,0.160,-1.972
511,1,0,0.625,0.434,-1.543
512,1,1,0.915,0.890,-1.218
513,1,1,0.915,0.861,-0.950
514,1,1,0.916,0.858,-0.726
515,0,1,0.547,0.874,-0.511
516,1,1,0.671,0.904,-0.402
517,1,0,0.919,0.569,-0.330
518,1,0,0.919,0.512,-0.339
519,1,0,0.920,0.220,-0.277
520,1,0,0.916,0.198,-0.277
521,1,0,0.912,0.179,-0.273
522,1,0,0.913,0.379,-1806.270
523,1,1,0.884,0.796,-1596.151
524,1,1,0.913,0.918,-1349.350
525,1,1,0.919,0.916,-15.052
526,1,1,0.922,0.915,-5.459
527,0,1,0.545,0.880,-3.057
528,0,1,0.160,0.798,-2.016
529,1,1,0.640,0.909,-1.422
530,1,0,0.718,0.504,-1.072
531,1,0,0.780,0.124,-0.835
532,1,0,0.908,0.112,-0.835
533,1,0,0.928,0.101,-0.844
534,1,0,0.926,0.323,0.097
535,1,1,0.722,0.730,0.062
536,1,1,0.927,0.887,0.048
537,1,1,0.924,0.887,0.051
538,1,1,0.927,0.887,0.057
539,1,1,0.925,0.859,0.062
540,1,1,0.833,0.865,0.070
541,1,1,0.726,0.917,0.065
542,1,1,0.742,0.865,0.024
543,1,0,0.780,0.176,0.028
544,1,0,0.930,0.159,0.030
545,1,1,0.929,0.738,0.092
546,1,1,0.928,0.890,0.165
547,1,1,0.927,0.882,0.153
548,1,1,0.928,0.900,0.145
549,1,1,0.930,0.889,0.142
550,1,0,0.837,0.587,0.130
551,0,0,0.310,0.144,0.100
552,0,1,0.442,0.832,0.090
553,1,1,0.832,0.701,0.096
554,0,0,0.529,0.208,0.337
555,0,1,0.326,0.755,0.321
556,0,1,0.156,0.832,0.143
557,0,1,0.216,0.832,0.140
558,0,1,0.337,0.832,0.134
559,1,1,0.690,0.832,0.130
560,0,1,0.446,0.832,0.123
561,1,1,0.826,0.832,0.117
562,0,1,0.273,0.832,0.106
563,0,1,0.479,0.832,0.100
564,1,1,0.638,0.718,0.085
565,0,1,0.574,0.659,0.075
566,0,0,0.517,0.327,0.065
567,0,1,0.465,0.633,0.055
568,0,1,0.199,0.832,0.058
569,0,1,0.225,0.832,0.065
570,0,1,0.156,0.832,0.076
571,1,1,0.663,0.871,0.082
572,0,1,0.188,0.833,0.082
573,0,1,0.351,0.927,0.080
574,1,1,0.832,0.844,0.083
575,1,0,0.623,0.201,0.093
576,0,0,0.380,0.540,0.143
577,0,0,0.283,0.390,0.139
578,0,1,0.255,0.829,0.134
579,0,1,0.229,0.911,0.135
580,0,1,0.404,0.929,0.126
581,0,1,0.281,0.967,0.120
582,0,1,0.253,0.951,0.118
583,0,1,0.228,0.949,0.115
584,0,1,0.373,0.920,0.122
585,0,1,0.308,0.911,0.118
586,0,1,0.277,0.926,0.116
587,1,1,0.832,0.687,0.118
588,0,0,0.276,0.307,0.391
589,0,0,0.121,0.184,0.386
590,0,0,0.112,0.408,0.353
591,0,0,0.101,0.567,0.342
592,0,1,0.248,0.832,0.281
593,1,1,0.839,0.832,0.262
594,0,1,0.363,0.832,0.229
595,1,1,0.636,0.832,0.208
596,0,1,0.230,0.832,0.189
597,1,1,0.699,0.929,0.172
598,1,1,0.602,0.708,0.155
599,1,0,0.832,0.190,0.147
600,1,0,0.832,0.139,0.138
601,1,0,0.749,0.125,0.138
602,1,0,0.674,0.113,0.138
603,1,0,0.607,0.102,0.138
604,0,0,0.596,0.112,0.144
605,1,1,0.757,0.832,0.131
606,0,1,0.139,0.832,0.120
607,0,1,0.125,0.832,0.113
608,0,1,0.113,0.832,0.105
609,0,1,0.283,0.832,0.090
610,1,0,0.881,0.474,0.048
611,1,0,0.832,0.357,0.058
612,1,0,0.928,0.137,0.003
613,1,0,0.669,0.173,-0.001
614,0,0,0.425,0.392,0.021
615,0,0,0.382,0.353,0.021
616,1,0,0.886,0.317,0.014
617,1,0,0.899,0.286,0.008
618,1,0,0.914,0.147,-0.506
619,1,0,0.689,0.334,-0.459
620,1,0,0.806,0.580,-0.398
621,0,1,0.348,0.832,-0.328
622,0,1,0.122,0.824,-0.291
623,0,1,0.175,0.625,-0.257
624,0,0,0.570,0.471,-0.227
625,0,0,0.190,0.529,-0.207
626,0,0,0.088,0.353,-0.174
627,1,0,0.885,0.097,-0.150
628,1,0,0.908,0.087,-0.142
629,1,0,0.925,0.078,-0.137
630,1,0,0.925,0.070,-0.135
631,1,0,0.919,0.063,-0.135
632,0,1,0.533,0.620,-0.195
633,1,1,0.926,0.832,-0.155
634,0,1,0.247,0.832,-0.111
635,0,1,0.227,0.832,-0.098
636,0,0,0.180,0.432,-0.079
637,0,1,0.556,0.851,-0.063
638,0,0,0.457,0.284,-0.040
639,0,0,0.149,0.272,-0.032
640,1,0,0.645,0.245,-0.028
641,1,0,0.905,0.220,-0.025
642,0,0,0.466,0.198,-0.027
643,0,0,0.275,0.167,-0.346
644,1,0,0.620,0.372,-0.232
645,1,1,0.884,0.906,-0.148
646,1,1,0.891,0.913,-0.110
647,1,1,0.896,0.919,-0.080
648,1,1,0.928,0.874,-0.054
649,1,1,0.931,0.927,-0.037
650,1,1,0.899,0.916,-0.016
651,1,1,0.931,0.907,-0.003
652,1,0,0.929,0.392,0.009
653,1,0,0.903,0.353,0.016
654,1,0,0.901,0.318,0.024
655,1,0,0.908,0.315,-17.246
656,1,0,0.927,0.449,-9.834
657,1,1,0.922,0.882,-4.756
658,1,1,0.910,0.926,-2.833
659,1,1,0.912,0.931,-1.904
660,1,1,0.917,0.890,-1.337
661,1,1,0.915,0.830,-0.990
662,1,1,0.916,0.918,-0.745
663,1,1,0.916,0.931,-0.579
664,1,0,0.921,0.164,-0.453
665,1,0,0.924,0.148,-0.454
666,1,0,0.907,0.133,-0.447
667,1,0,0.922,0.120,-0.449
668,1,0,0.923,0.558,-0.294
669,1,1,0.924,0.850,-0.198
670,1,1,0.909,0.895,-0.178
671,1,1,0.912,0.908,-0.130
672,1,1,0.915,0.923,-0.086
673,1,1,0.915,0.916,-0.043
674,1,1,0.920,0.905,-0.013
675,1,1,0.924,0.905,0.012
676,1,1,0.926,0.879,0.033
677,1,0,0.909,0.187,0.058
678,1,0,0.910,0.169,0.063
679,1,0,0.915,0.152,0.067
680,1,0,0.914,0.277,0.291
681,1,0,0.919,0.504,0.284
682,1,1,0.922,0.917,0.258
683,1,1,0.915,0.915,0.251
684,1,1,0.917,0.926,0.244
685,1,1,0.919,0.930,0.231
686,1,1,0.920,0.926,0.221
687,1,1,0.920,0.896,0.216
688,1,1,0.919,0.926,0.212
689,1,0,0.920,0.311,0.205
690,1,0,0.916,0.280,0.210
691,1,0,0.916,0.252,0.215
692,1,0,0.919,0.339,-1.066
693,1,1,0.920,0.782,-0.848
694,1,1,0.921,0.818,-0.596
695,1,1,0.914,0.922,-0.438
696,1,1,0.917,0.911,-0.335
697,1,1,0.918,0.913,-0.238
698,1,1,0.915,0.911,-0.177
699,1,1,0.918,0.913,-0.121
700,1,1,0.918,0.832,-0.081
701,1,0,0.918,0.587,-0.048
702,1,0,0.921,0.528,-0.044
703,1,0,0.918,0.476,-0.047
704,1,0,0.920,0.334,-1531.167
705,1,1,0.921,0.908,-1372.614
706,1,1,0.921,0.918,-1213.625
707,1,1,0.913,0.920,-9.769
708,1,1,0.914,0.918,-4.255
709,1,1,0.921,0.910,-2.565
710,1,1,0.914,0.917,-1.713
711,1,1,0.919,0.927,-1.231
712,1,1,0.920,0.906,-0.904
713,1,0,0.922,0.257,-0.694
714,1,0,0.925,0.231,-0.696
715,1,0,0.910,0.208,-0.691
716,1,0,0.914,0.187,-0.687
717,1,0,0.919,0.276,-1.680
718,1,1,0.919,0.893,-1.361
719,1,1,0.915,0.859,-0.980
720,1,1,0.915,0.866,-0.705
721,1,1,0.917,0.881,-0.522
722,1,1,0.918,0.893,-0.387
723,1,1,0.916,0.885,-0.288
724,1,1,0.917,0.875,-0.210
725,1,1,0.920,0.798,-0.148
726,1,0,0.924,0.155,-0.102
727,1,0,0.909,0.140,-0.096
728,1,0,0.910,0.269,-1.090
729,1,0,0.912,0.354,-2.788
730,1,1,0.924,0.674,-1.696
731,1,1,0.909,0.832,-1.175
732,1,1,0.909,0.832,-0.859
733,1,1,0.912,0.832,-0.626
734,1,1,0.914,0.832,-0.450
735,1,1,0.922,0.832,-0.325
736,1,1,0.923,0.703,-0.238
737,1,0,0.927,0.348,-0.168
738,1,0,0.928,0.105,-0.104
739,1,0,0.906,0.095,-0.097
740,1,0,0.927,0.085,-0.099
741,1,0,0.929,0.397,-0.088
742,1,1,0.931,0.811,0.018
743,1,1,0.929,0.832,0.051
744,1,1,0.928,0.832,0.076
745,1,1,0.928,0.832,0.100
746,1,1,0.927,0.832,0.117
747,1,1,0.928,0.832,0.132
748,1,1,0.928,0.809,0.145
749,1,1,0.902,0.616,0.164
750,1,0,0.929,0.143,0.178
751,1,0,0.928,0.129,0.180
752,1,0,0.925,0.116,0.182
753,1,0,0.921,0.360,0.060
754,1,1,0.918,0.661,0.110
755,1,1,0.892,0.853,0.123
756,1,1,0.898,0.838,0.155
757,1,1,0.902,0.860,0.181
758,1,1,0.929,0.923,0.202
759,1,1,0.930,0.874,0.215
760,1,1,0.906,0.837,0.235
761,1,0,0.927,0.505,0.244
762,1,0,0.909,0.383,0.260
763,1,0,0.912,0.128,0.720
764,1,0,0.923,0.115,0.719
765,1,0,0.925,0.153,0.713
766,1,1,0.923,0.658,0.721
767,1,1,0.911,0.832,0.700
768,1,1,0.913,0.832,0.679
769,1,1,0.915,0.832,0.659
770,1,1,0.920,0.832,0.634
771,1,1,0.919,0.832,0.611
772,1,1,0.919,0.621,0.587
773,1,0,0.920,0.214,0.565
774,1,0,0.920,0.267,-0.110
775,1,0,0.913,0.105,0.179
776,1,0,0.914,0.216,0.273
777,1,0,0.914,0.254,0.286
778,1,1,0.922,0.832,0.252
779,1,1,0.915,0.832,0.265
780,1,1,0.917,0.832,0.291
781,1,1,0.922,0.846,0.305
782,1,1,0.923,0.858,0.320
783,1,1,0.912,0.832,0.326
784,1,1,0.913,0.868,0.331
785,1,0,0.917,0.249,0.331
786,1,0,0.919,0.162,0.332
787,1,0,0.916,0.146,0.337
788,1,0,0.918,0.132,0.341
789,1,0,0.919,0.397,0.159
790,1,0,0.917,0.399,0.229
791,1,1,0.921,0.857,0.240
792,1,1,0.919,0.832,0.250
793,1,1,0.918,0.832,0.270
794,1,1,0.921,0.901,0.282
795,1,1,0.925,0.861,0.294
796,1,1,0.923,0.859,0.303
797,1,0,0.922,0.311,0.307
798,1,0,0.919,0.472,0.310
799,1,0,0.918,0.332,0.375
800,1,0,0.918,0.336,0.451
801,1,0,0.920,0.316,0.424
802,1,1,0.921,0.832,0.414
803,1,1,0.927,0.832,0.412
804,1,1,0.929,0.832,0.406
805,1,1,0.928,0.832,0.398
806,1,1,0.926,0.841,0.389
807,1,1,0.926,0.850,0.385
808,1,1,0.922,0.866,0.381
809,1,0,0.919,0.456,0.374
810,1,0,0.916,0.347,0.064
811,1,0,0.913,0.257,-0.028
812,1,0,0.912,0.231,-0.030
813,1,1,0.912,0.647,0.066
814,1,1,0.914,0.921,0.117
815,1,1,0.918,0.903,0.154
816,1,1,0.920,0.914,0.179
817,1,1,0.920,0.916,0.200
818,1,1,0.918,0.912,0.215
819,1,1,0.917,0.928,0.222
820,1,1,0.916,0.899,0.228
821,1,0,0.913,0.592,0.232
822,1,0,0.914,0.375,0.239
823,1,0,0.915,0.246,0.163
824,1,0,0.916,0.263,-2.601
825,1,1,0.920,0.869,-1.543
826,1,1,0.922,0.915,-1.074
827,1,1,0.925,0.927,-0.781
828,1,1,0.924,0.910,-0.572
829,1,1,0.923,0.894,-0.414
830,1,1,0.923,0.929,-0.300
831,1,1,0.923,0.910,-0.211
832,1,0,0.924,0.132,-5.794
833,1,0,0.920,0.473,-3.116
834,1,0,0.919,0.237,-1.664
835,1,0,0.908,0.214,-1.663
836,1,0,0.904,0.317,-1.211
837,1,1,0.910,0.859,-0.941
838,1,1,0.924,0.918,-0.747
839,1,1,0.927,0.919,-0.550
840,1,1,0.931,0.913,-0.425
841,1,1,0.924,0.904,-0.328
842,1,0,0.923,0.467,-0.266
843,1,0,0.891,0.370,-0.153
844,1,0,0.894,0.137,0.777
845,1,0,0.929,0.240,0.809
846,1,0,0.898,0.247,0.746
847,1,0,0.861,0.316,0.674
848,1,0,0.647,0.410,0.639
849,1,1,0.690,0.825,0.604
850,1,1,0.913,0.832,0.563
851,1,1,0.916,0.832,0.526
852,1,1,0.919,0.832,0.492
853,1,1,0.919,0.832,0.458
854,1,1,0.918,0.832,0.426
855,1,1,0.775,0.832,0.398
856,1,0,0.923,0.534,0.367
857,0,0,0.599,0.465,0.180
858,1,0,0.734,0.327,0.337
859,1,0,0.716,0.322,0.321
860,1,0,0.659,0.494,0.307
861,1,1,0.607,0.747,0.304
862,1,1,0.930,0.925,0.275
863,1,1,0.929,0.925,0.252
864,1,1,0.808,0.925,0.248
865,1,1,0.763,0.921,0.254
866,1,1,0.752,0.919,0.252
867,1,1,0.749,0.901,0.244
868,1,0,0.769,0.567,0.245
869,1,0,0.746,0.097,0.422
870,1,0,0.930,0.343,0.370
871,1,0,0.713,0.228,0.346
872,1,1,0.645,0.723,0.359
873,1,1,0.660,0.901,0.357
874,1,1,0.919,0.875,0.325
875,1,1,0.924,0.888,0.294
876,1,1,0.916,0.925,0.272
877,1,1,0.651,0.927,0.257
878,1,1,0.928,0.925,0.239
879,1,1,0.764,0.886,0.224
880,1,0,0.721,0.367,0.207
881,1,0,0.884,0.238,-0.963
882,1,0,0.863,0.269,-2.322
883,1,0,0.777,0.310,-1.803
884,0,0,0.379,0.472,-1.332
885,1,0,0.896,0.222,-1.547
886,1,1,0.900,0.832,-1.152
887,1,1,0.930,0.832,-0.899
888,1,1,0.929,0.832,-0.692
889,1,1,0.676,0.832,-0.564
890,1,1,0.928,0.832,-0.445
891,1,0,0.830,0.263,-0.357
892,1,0,0.881,0.235,-0.289
893,1,0,0.924,0.477,-0.416
894,1,0,0.921,0.318,-0.352
895,1,0,0.920,0.258,-0.291
896,1,0,0.923,0.394,-0.184
897,1,1,0.896,0.846,-0.121
898,1,1,0.898,0.832,-0.087
899,1,1,0.927,0.832,-0.057
900,1,1,0.924,0.837,-0.031
901,1,1,0.927,0.881,-0.014
902,1,1,0.928,0.819,0.000
903,1,0,0.931,0.363,0.014
904,1,0,0.927,0.276,0.026
905,1,0,0.927,0.507,-0.010
906,1,0,0.926,0.250,0.168
907,1,0,0.928,0.215,0.165
908,1,1,0.928,0.773,0.159
909,1,1,0.930,0.832,0.143
910,1,1,0.930,0.832,0.144
911,1,1,0.929,0.832,0.144
912,1,1,0.930,0.832,0.142
913,1,1,0.907,0.832,0.146
914,1,1,0.914,0.841,0.152
915,1,0,0.921,0.557,0.150
916,1,0,0.919,0.501,0.149
917,1,0,0.920,0.451,0.147
918,1,0,0.718,0.325,0.138
919,1,0,0.916,0.440,0.169
920,0,1,0.501,0.800,0.159
921,1,1,0.921,0.889,0.154
922,1,1,0.884,0.862,0.146
923,1,1,0.925,0.908,0.145
924,1,1,0.928,0.894,0.138
925,1,1,0.929,0.903,0.133
926,1,1,0.926,0.757,0.128
927,1,0,0.926,0.335,0.121
928,1,0,0.925,0.092,-17.639
929,1,0,0.929,0.455,-8.690
930,1,0,0.930,0.410,-8.653
931,1,0,0.902,0.397,-6.676
932,1,1,0.703,0.819,-3.795
933,1,1,0.895,0.832,-2.397
934,1,1,0.926,0.832,-1.679
935,1,1,0.924,0.832,-1.225
936,1,1,0.926,0.832,-0.923
937,1,1,0.926,0.832,-0.711
938,1,1,0.926,0.862,-0.553
939,1,0,0.926,0.451,-0.432
940,1,0,0.897,0.274,-2.787
941,1,0,0.931,0.246,-2.787
942,1,0,0.902,0.279,-1.931
943,1,1,0.913,0.778,-1.421
944,1,1,0.913,0.832,-1.113
945,1,1,0.916,0.832,-0.845
946,1,1,0.919,0.832,-0.626
947,1,1,0.918,0.832,-0.477
948,1,1,0.912,0.832,-0.368
949,1,0,0.915,0.360,-0.283
950,1,1,0.915,0.683,-0.225
951,1,0,0.913,0.197,-0.178
952,1,0,0.915,0.314,-1.369
953,1,0,0.918,0.203,-1.427
954,1,0,0.923,0.284,-1356.456
955,1,1,0.756,0.722,-15.767
956,1,1,0.928,0.832,-5.295
957,1,1,0.901,0.832,-3.069
958,1,1,0.906,0.832,-2.012
959,1,1,0.904,0.832,-1.406
960,1,1,0.904,0.832,-1.020
961,1,1,0.910,0.832,-0.752
962,1,0,0.927,0.552,-0.564
963,1,0,0.929,0.310,-0.423
964,1,0,0.928,0.279,-0.423
965,1,0,0.926,0.487,-0.371
966,1,1,0.927,0.747,-0.281
967,1,1,0.925,0.867,-0.169
968,1,1,0.926,0.885,-0.127
969,1,1,0.928,0.878,-0.076
970,1,1,0.899,0.872,-0.026
971,1,1,0.931,0.864,0.010
972,1,1,0.929,0.881,0.041
973,1,1,0.929,0.865,0.062
974,1,0,0.928,0.164,0.079
975,1,0,0.901,0.147,0.088
976,1,0,0.930,0.132,0.088
977,1,0,0.927,0.320,0.600
978,1,0,0.925,0.525,0.589
979,1,1,0.833,0.911,0.555
980,0,1,0.530,0.910,0.555
981,1,1,0.914,0.795,0.526
982,1,1,0.983,0.636,0.500
983,1,0,0.894,0.185,0.543
984,1,0,0.923,0.166,0.541
985,1,0,0.876,0.212,0.521
986,1,0,0.923,0.350,-1568.147
987,0,0,0.332,0.244,-1520.777
988,1,0,0.734,0.347,-1307.312
989,0,0,0.119,0.127,-1038.009
990,1,0,0.869,0.102,-1052.910
991,1,0,0.878,0.105,-1067.864
992,1,0,0.892,0.081,-1081.419
993,1,0,0.922,0.105,-1093.964
994,0,1,0.249,0.842,-9.468
995,0,1,0.195,0.900,-3.731
996,0,1,0.387,0.929,-2.265
997,0,1,0.318,0.886,-1.504
998,0,1,0.286,0.832,-1.027
999,0,0,0.332,0.080,-0.834
1000,1,0,0.768,0.270,-0.867
1001,0,0,0.476,0.284,-0.717
1002,0,0,0.405,0.280,-12.380
1003,0,0,0.335,0.241,-1447.252
1004,0,0,0.322,0.070,-1297.962
1005,0,0,0.290,0.133,-3.384
1006,1,1,0.832,0.832,-2.356
1007,1,0,0.841,0.388,-2.150
1008,0,1,0.548,0.832,-1.532
1009,0,1,0.160,0.832,-1.116
1010,0,1,0.144,0.832,-0.842
1011,0,1,0.129,0.832,-0.643
1012,0,1,0.497,0.832,-0.504
1013,0,0,0.448,0.487,-0.386
1014,0,0,0.273,0.438,-0.335
1015,0,0,0.245,0.395,-0.335
1016,0,0,0.221,0.355,-0.335
1017,0,0,0.199,0.352,-0.115
1018,0,1,0.179,0.745,-0.072
1019,1,1,0.817,0.832,-0.043
1020,0,1,0.401,0.832,-0.009
1021,0,1,0.245,0.832,-0.012
1022,0,1,0.220,0.832,0.005
1023,0,1,0.318,0.832,0.007
1024,0,1,0.286,0.832,0.025
1025,0,0,0.410,0.448,0.024
1026,0,0,0.199,0.403,0.010
1027,0,0,0.180,0.363,0.010
1028,0,0,0.162,0.354,0.164
1029,0,0,0.145,0.410,0.156
1030,0,1,0.449,0.832,0.124
1031,0,1,0.239,0.832,0.173
1032,0,1,0.318,0.839,0.199
1033,0,1,0.287,0.832,0.197
1034,0,1,0.258,0.832,0.195
1035,0,1,0.284,0.692,0.229
1036,0,0,0.462,0.420,0.266
1037,1,0,0.817,0.378,0.331
1038,0,0,0.270,0.173,0.269
1039,0,0,0.321,0.187,0.409
1040,0,1,0.364,0.826,-0.996
1041,1,1,0.832,0.832,-0.921
1042,1,1,0.832,0.730,-0.851
1043,1,1,0.767,0.719,-0.771
1044,0,1,0.540,0.766,-0.704
1045,1,1,0.832,0.832,-0.646
1046,0,0,0.156,0.477,-0.570
1047,0,0,0.169,0.429,-0.465
1048,0,0,0.190,0.416,-0.278
1049,1,0,0.832,0.528,-0.160
1050,0,0,0.351,0.117,-0.141
1051,1,1,0.640,0.868,-0.091
1052,0,1,0.421,0.893,-0.079
1053,1,1,0.832,0.832,-0.076
1054,1,1,0.855,0.888,-0.065
1055,0,1,0.562,0.914,-0.058
1056,0,1,0.170,0.879,0.049
1057,0,0,0.245,0.259,0.034
1058,1,0,0.629,0.132,0.043
1059,0,0,0.566,0.119,0.043
1060,1,0,0.936,0.147,-1684.987
1061,1,0,0.916,0.539,-1584.361
1062,1,1,0.880,0.724,-26.813
1063,1,1,0.929,0.832,-6.642
1064,1,1,0.925,0.832,-3.778
1065,1,1,0.923,0.832,-2.481
1066,1,1,0.896,0.832,-1.771
1067,1,1,0.900,0.835,-1.305
1068,1,1,0.909,0.882,-0.994
1069,1,0,0.914,0.540,-0.771
1070,1,0,0.912,0.486,-0.770
1071,1,0,0.918,0.438,-0.760
1072,1,0,0.919,0.394,-0.757
1073,1,0,0.922,0.270,-0.788
1074,0,1,0.584,0.834,-0.582
1075,1,1,0.908,0.874,-0.460
1076,1,1,0.902,0.849,-0.357
1077,1,1,0.929,0.891,-0.275
1078,1,1,0.930,0.930,-0.208
1079,1,1,0.930,0.735,-0.160
1080,1,0,0.928,0.239,-0.119
1081,1,0,0.929,0.347,-0.078
1082,1,0,0.905,0.279,-0.574
1083,1,0,0.912,0.251,-0.566
1084,1,0,0.922,0.178,-1.210
1085,1,0,0.919,0.357,-1.004
1086,1,1,0.910,0.832,-0.684
1087,1,1,0.909,0.832,-0.531
1088,1,1,0.924,0.832,-0.401
1089,1,1,0.929,0.832,-0.303
1090,1,1,0.928,0.832,-0.230
1091,1,1,0.926,0.820,-0.163
1092,1,1,0.925,0.708,-0.107
1093,1,0,0.922,0.115,-0.069
1094,1,0,0.908,0.104,-0.061
1095,1,0,0.908,0.093,-0.054
1096,1,0,0.910,0.317,0.146
1097,1,1,0.925,0.832,0.039
1098,1,1,0.926,0.832,0.058
1099,1,1,0.930,0.832,0.079
1100,1,1,0.928,0.832,0.104
1101,1,1,0.927,0.832,0.122
1102,1,1,0.929,0.832,0.135
1103,1,1,0.930,0.801,0.147
1104,1,0,0.929,0.226,0.152
1105,1,0,0.925,0.199,0.516
1106,1,0,0.903,0.179,0.523
1107,1,0,0.929,0.161,0.523
1108,1,0,0.928,0.476,0.178
1109,1,1,0.909,0.879,0.171
1110,1,1,0.910,0.832,0.183
1111,1,1,0.916,0.894,0.201
1112,1,1,0.916,0.832,0.209
1113,1,1,0.916,0.875,0.209
1114,1,1,0.913,0.864,0.208
1115,1,1,0.920,0.768,0.212
1116,1,0,0.913,0.323,0.217
1117,1,0,0.916,0.291,0.223
1118,1,0,0.918,0.262,0.227
1119,1,1,0.922,0.682,0.442
1120,1,1,0.909,0.777,0.400
1121,1,1,0.923,0.898,0.384
1122,1,1,0.927,0.925,0.374
1123,1,1,0.909,0.908,0.352
1124,1,1,0.906,0.928,0.336
1125,1,1,0.909,0.909,0.320
1126,1,1,0.913,0.889,0.307
1127,1,0,0.913,0.139,0.292
1128,1,0,0.917,0.251,0.373
1129,1,0,0.918,0.359,0.129
1130,1,0,0.921,0.323,0.137
1131,1,1,0.920,0.823,0.177
1132,1,1,0.926,0.832,0.189
1133,1,1,0.929,0.832,0.197
1134,1,1,0.930,0.832,0.206
1135,1,1,0.930,0.832,0.212
1136,1,1,0.909,0.832,0.210
1137,1,1,0.912,0.815,0.207
1138,1,0,0.915,0.533,0.199
1139,1,0,0.915,0.128,-0.208
1140,1,0,0.921,0.115,-0.732
1141,1,0,0.920,0.104,-0.731
1142,1,1,0.922,0.758,-0.548
1143,1,1,0.910,0.832,-0.435
1144,1,1,0.916,0.832,-0.338
1145,1,1,0.919,0.832,-0.246
1146,1,1,0.920,0.832,-0.165
1147,1,1,0.922,0.832,-0.100
1148,1,1,0.928,0.834,-0.047
1149,1,1,0.928,0.873,-0.003
1150,1,0,0.929,0.284,0.026
1151,1,0,0.931,0.123,-0.166
1152,1,0,0.930,0.111,-0.660
1153,1,0,0.926,0.100,-0.660
1154,1,1,0.928,0.661,-0.472
1155,1,0,0.928,0.413,-0.459
1156,1,1,0.923,0.832,-0.281
1157,1,1,0.926,0.832,-0.204
1158,1,1,0.926,0.832,-0.128
1159,1,1,0.928,0.832,-0.073
1160,1,1,0.927,0.679,-0.027
1161,1,0,0.930,0.325,0.010
1162,1,0,0.928,0.350,-0.072
1163,1,0,0.930,0.304,-0.111
1164,1,0,0.925,0.402,-0.059
1165,1,1,0.927,0.803,-0.022
1166,1,1,0.926,0.832,-0.016
1167,1,1,0.926,0.832,0.016
1168,1,1,0.929,0.842,0.039
1169,1,1,0.929,0.832,0.064
1170,1,1,0.927,0.887,0.078
1171,1,1,0.910,0.732,0.083
1172,1,0,0.922,0.560,0.095
1173,1,0,0.918,0.141,-0.171
1174,1,0,0.919,0.127,-0.178
1175,1,0,0.920,0.134,-1898.625
1176,1,0,0.848,0.423,-1801.313
1177,1,1,0.925,0.833,-1561.246
1178,1,1,0.930,0.883,-1335.190
1179,1,1,0.903,0.863,-18.120
1180,1,1,0.927,0.853,-5.589
1181,1,1,0.931,0.871,-3.032
1182,1,1,0.901,0.832,-1.939
1183,1,1,0.903,0.684,-1.354
1184,1,0,0.902,0.474,-0.959
1185,1,0,0.909,0.460,-0.730
1186,1,0,0.911,0.414,-0.725
1187,1,1,0.912,0.635,-0.634
1188,1,1,0.914,0.769,-0.382
1189,1,1,0.916,0.928,-0.250
1190,1,1,0.919,0.930,-0.162
1191,1,1,0.919,0.924,-0.094
1192,1,1,0.921,0.924,-0.032
1193,1,1,0.913,0.869,0.012
1194,1,1,0.918,0.922,0.056
1195,1,1,0.919,0.616,0.086
1196,1,0,0.912,0.230,0.315
1197,1,0,0.911,0.331,0.382
1198,1,0,0.906,0.145,0.742
1199,1,1,0.903,0.617,0.711
1200,1,1,0.921,0.685,0.690
1201,1,1,0.922,0.832,0.667
1202,1,1,0.916,0.832,0.641
1203,1,1,0.913,0.832,0.618
1204,1,1,0.914,0.832,0.595
1205,1,1,0.909,0.832,0.573
1206,1,0,0.930,0.160,0.546
1207,1,0,0.931,0.320,0.515
1208,1,0,0.926,0.129,0.282
1209,1,0,0.928,0.419,0.284
1210,1,1,0.929,0.832,0.281
1211,1,1,0.902,0.832,0.287
1212,1,1,0.915,0.832,0.293
1213,1,1,0.915,0.832,0.300
1214,1,1,0.922,0.832,0.300
1215,1,1,0.923,0.832,0.299
1216,1,1,0.929,0.759,0.295
1217,1,0,0.928,0.365,0.291
1218,1,0,0.927,0.260,-0.992
1219,1,0,0.930,0.194,-0.786
1220,1,0,0.929,0.306,-1.146
1221,1,1,0.929,0.769,-0.800
1222,1,0,0.897,0.273,-11.405
1223,1,1,0.902,0.832,-4.280
1224,1,1,0.904,0.815,-2.400
1225,1,1,0.910,0.832,-1.520
1226,1,0,0.919,0.204,-0.986
1227,1,1,0.920,0.701,-0.683
1228,1,1,0.919,0.695,-0.453
1229,1,0,0.919,0.374,-0.978
1230,1,0,0.918,0.153,-0.624
1231,1,0,0.920,0.356,-0.491
1232,1,0,0.917,0.599,-0.317
1233,1,1,0.918,0.796,-0.149
1234,1,1,0.924,0.832,-0.060
1235,1,1,0.927,0.832,0.012
1236,1,1,0.907,0.832,0.061
1237,1,1,0.910,0.832,0.111
1238,1,0,0.916,0.234,0.111
1239,1,0,0.915,0.469,0.144
1240,1,0,0.915,0.422,0.148
1241,1,0,0.917,0.275,-0.260
1242,1,0,0.922,0.343,-0.122
1243,1,0,0.920,0.270,-0.028
1244,1,1,0.921,0.749,0.003
1245,1,1,0.926,0.832,0.058
1246,1,1,0.927,0.832,0.123
1247,1,1,0.929,0.832,0.168
1248,1,1,0.909,0.699,0.208
1249,1,1,0.925,0.832,0.244
1250,1,0,0.929,0.322,0.268
1251,1,0,0.931,0.205,0.372
1252,1,0,0.930,0.285,0.165
1253,1,0,0.926,0.256,0.165
1254,1,0,0.927,0.222,0.008
1255,1,1,0.924,0.740,0.020
1256,1,1,0.922,0.864,0.066
1257,1,1,0.922,0.893,0.113
1258,1,1,0.919,0.877,0.156
1259,1,1,0.917,0.832,0.195
